Id,Name,HasLegacyCP
0101800DUS,Huntsville City Schools,1
0102490DUS,Mountain Brook City,
0200240DUS,Sitka Borough School District,
0400052DUS,Espiritu Community Development Corp.,
0400450DUS,Agua Fria Union High School District,
0401760DUS,Catalina Foothills School District,
0402690DUS,Dysart Unified School District,1
0402860DUS,Flagstaff Unified District,1
0402920DUS,Florence Unified School District,1
0403780DUS,Higley Unified School District,1
0405930DUS,Paradise Valley Unified School District,
0406730DUS,Prescott Unified District,
0406740DUS,Sanders Unified School District,
0407570DUS,Scottsdale Unified School District,1
0408170DUS,Sunnyside Unified District,
0408340DUS,Tempe Union High School District,1
0500012DUS,Riverside School District,
0500019DUS,Batesville School District,1
0500023DUS,Newport School District,
0500028DUS,Star City School District,1
0500029DUS,Gosnell School District,1
0500032DUS,Bearden School District,1
0500035DUS,Ark. School For The Blind-District,1
0500042DUS,Hamburg School District,1
0500045DUS,Rivercrest School District,1
0500048DUS,East Poinsett Co. School Dist.,1
0500049DUS,DeQueen School District,1
0502580DUS,Ashdown School District,1
0502790DUS,Bauxite School District,1
0503030DUS,Pea Ridge School District,1
0503060DUS,Bentonville School District,1
0503090DUS,Bergman School District,1
0503150DUS,Berryville School District,1
0503300DUS,Blevins School District,1
0503320DUS,Blytheville School District,1
0503630DUS,Brinkley School District,1
0503690DUS,Bryant School District,1
0503710DUS,Buffalo Is. Central Sch. Dist.,1
0503960DUS,Carlisle School District,
0504050DUS,Cave City School District,1
0504080DUS,Cedarville School District,1
0504380DUS,Clarksville School District,1
0504560DUS,Concord School District,1
0504980DUS,Decatur School District,1
0505170DUS,Dermott School District,1
0505550DUS,Earle School District,1
0505850DUS,England School District,1
0505970DUS,Eureka Springs School District,1
0506090DUS,Farmington School District,1
0506120DUS,Fayetteville School District,1
0506210DUS,Fordyce School District,
0506270DUS,Forrest City School District,1
0506330DUS,Fort Smith Public Schools,1
0506840DUS,Gravette School District,1
0507170DUS,Hackett School District,1
0507560DUS,Heber Springs School District,1
0507680DUS,Helena/ W.helena School Dist.,1
0507890DUS,Hot Springs School District,1
0507920DUS,Jessieville School District,1
0508490DUS,Kirby School District,1
0508610DUS,Lake Hamilton School District,1
0508640DUS,Lakeside School District,1
0508940DUS,Lincoln School District,1
0509000DUS,Little Rock School District,1
0509060DUS,Lonoke School District,1
0509510DUS,Marvell-Elaine School District,1
0509780DUS,Mineral Springs School Dist.,1
0509840DUS,Monticello School District,
0510260DUS,Mountainburg School District,1
0510290DUS,Mulberry/Pleasant View School District,1
0510440DUS,Nettleton School District,1
0510680DUS,N. Little Rock School District,1
0510950DUS,Osceola School District,1
0511070DUS,Pangburn School District,1
0511850DUS,Pulaski County Special School District,1
0511970DUS,Rogers School District,1
0512180DUS,Scranton School District,1
0512450DUS,Siloam Springs School District,1
0512510DUS,Smackover-Norphlet School District,1
0512520DUS,So. Conway Co. School District,1
0512540DUS,Southside School District,1
0512660DUS,Springdale School District,1
0513110DUS,Texarkana School District,1
0513410DUS,Van Buren School District,1
0514010DUS,West Fork School District,1
0600001DUS,Acton-agua Dulce Unified,
0600013DUS,Rocklin Unified School District,
0600018DUS,Mountain Valley Unified,
0600020DUS,Pleasanton Unified School District,
0600027DUS,Lake Elsinore Unified School District,1
0600032DUS,Redondo Beach Unified School District,1
0600034DUS,Windsor Unified,
0600044DUS,Healdsburg Unified,
0600047DUS,Tracy Unified School District,1
0600061DUS,Riverbank Unified,
0600065DUS,Dinuba Unified,
0601620DUS,Abc Unified,
0601650DUS,Acalanes Union High,
0601770DUS,Alameda Unified School District,
0602450DUS,Amador County Unified,1
0602630DUS,Anaheim Union High School District,
0602670DUS,West Sonoma County Union High,
0602820DUS,Antelope Valley Union High,1
0602970DUS,Arcadia Unified,
0603600DUS,Azusa Unified,1
0603610DUS,Baker Valley Unified,
0604110DUS,Bassett Unified,1
0604440DUS,Bellflower Unified,1
0604830DUS,Beverly Hills Unified,1
0606900DUS,Calexico Unified,1
0607020DUS,Calistoga Joint Unified School District,1
0607230DUS,Campbell Union High School District,1
0607440DUS,Capistrano Unified School District,1
0607500DUS,Carlsbad Unified School District,
0607900DUS,Center Joint Unified,
0607920DUS,Centinela Valley Union High School District,1
0608970DUS,Cloverdale Unified,
0609640DUS,Conejo Valley Unified School District,1
0609940DUS,Cotati-rohnert Park Unified,1
0610050DUS,Covina-Valley Unified School District,1
0610260DUS,Culver City Unified,1
0610350DUS,Cutler-Orosi Joint Unified School District,
0611040DUS,Denair Unified,1
0611460DUS,Downey Unified,1
0611520DUS,Duarte Unified School District,1
0611820DUS,East Side Union High School District,1
0612070DUS,El Dorado Union High School District,
0612910DUS,Escondido Union High,1
0613080DUS,Eureka Union,
0613360DUS,Fairfield-Suisun Unified School District,1
0613530DUS,Fallbrook Union High School District,
0613800DUS,Fillmore Unified,1
0613890DUS,Folsom-Cordova Unified,1
0613920DUS,Fontana Unified School District,1
0614430DUS,Fremont Union High School District,
0614760DUS,Fullerton Joint Union High,1
0614950DUS,Gateway Unified School District,
0615270DUS,Glendora Unified,
0618930DUS,Jefferson Union High School District,1
0619540DUS,Kern High School District,1
0619650DUS,South Monterey County Joint Union High School Dist,1
0619700DUS,Kings Canyon Joint Unified,1
0620370DUS,Laguna Beach Unified School District,
0620820DUS,Lammersville USD,
0621000DUS,Las Virgenes Unified School District,1
0621400DUS,Lemoore Union High,
0621870DUS,Lindsay Unified,1
0622230DUS,Lodi Unified,1
0622440DUS,Lone Pine Unified,
0622710DUS,Los Angeles Unified School District,
0622740DUS,Los Banos Unified,1
0622800DUS,Los Gatos-saratoga Joint Union High,
0623160DUS,Lynwood Unified School District ,
0624750DUS,Middletown Unified,1
0625150DUS,Modesto City Schools,1
0625320DUS,Monrovia Unified,1
0625530DUS,Monterey Peninsula Unified School District,1
0625690DUS,Moorpark Unified,
0625830DUS,Morgan Hill Unified,
0626310DUS,Mountain View Los Altos High School District ,
0626370DUS,Mt. Diablo Unified,
0626640DUS,Napa Valley Unified School District,1
0626760DUS,Needles Unified,1
0627060DUS,Newark Unified School District,1
0627240DUS,Newport-Mesa Unified School District,1
0627720DUS,Novato Unified School District,1
0628270DUS,Ojai Unified,1
0628650DUS,Orange Unified School District,
0628950DUS,Oro Grande School District,1
0629130DUS,Oroville Union High,
0629270DUS,Oxnard Union High School District,
0629490DUS,Pajaro Valley Unified,1
0629610DUS,Palo Alto Unified School District,1
0629700DUS,Palos Verdes Peninsula Unified School District,
0629850DUS,Paramount Unified School District,1
0629940DUS,Pasadena Unified School District,
0630030DUS,Patterson Joint Unified,
0630660DUS,Placentia-Yorba Linda Unified,
0630990DUS,Pleasant Valley,
0632610DUS,Rim Of The World Unified,1
0632760DUS,Rio School District,1
0633510DUS,Roseland Public Schools,1
0633630DUS,Roseville Joint Union High,
0633860DUS,Saddleback Valley Unified,1
0634140DUS,San Benito High District,
0634320DUS,San Diego Unified School District,
0634380DUS,San Dieguito Union High,
0634440DUS,San Jacinto Unified School District,1
0634590DUS,San Jose Unified School District,1
0634620DUS,San Juan Unified School District,1
0634710DUS,San Lorenzo Unified,1
0634740DUS,San Lorenzo Valley Unified School District,1
0634800DUS,San Luis Coastal Unified,1
0634980DUS,San Mateo Union High School District,
0635110DUS,San Rafael City Schools,
0635130DUS,San Ramon Valley Unified School District,
0635250DUS,Sanger Unified,1
0635370DUS,Santa Barbara Unified School District,1
0635430DUS,Santa Clara Unified,1
0635600DUS,Santa Cruz City Schools,
0635700DUS,Santa Monica-Malibu Unified,1
0635830DUS,Santa Rosa City Schools,
0636390DUS,Sequoia Union High School District,
0636600DUS,Shasta Union High School District,1
0636840DUS,Simi Valley Unified,1
0637200DUS,Sonoma Valley Unified,
0637500DUS,South Pasadena Unified School District,
0637830DUS,St. Helena Unified School District,1
0638770DUS,Tahoe Truckee Unified School District ,
0638790DUS,Tamalpais Union High School District,
0638980DUS,Temple City Unified,
0639420DUS,Torrance Unified,
0639630DUS,Travis Unified,1
0639930DUS,Tulare Joint Union High,
0640150DUS,Tustin Unified,
0640590DUS,Vacaville Unified,1
0640980DUS,Ventura Unified,
0641190DUS,Vista Unified School District,
0641580DUS,Washington Unified,
0642000DUS,West Covina Unified,1
0642140DUS,Western Placer Unified,1
0642480DUS,Whittier Union High,
0642510DUS,William S. Hart Union High School District,
0642580DUS,Laytonville Unified,
0642930DUS,Winters Joint Unified,1
0643050DUS,Woodlake Unified School District,
0643560DUS,Yucaipa-Calimesa Joint Unified,1
0684500DUS,Irvine Unified School District,
0691035DUS,Santa Clara County Office Of Education,1
0801920DUS,Academy School District 20,
0801950DUS,Adams County School District 14,
0802070DUS,Alamosa Re-11j,1
0802340DUS,Aurora Public Schools,
0802400DUS,Bayfield 10 Jt-r,
0802430DUS,Bennett 29j,
0802490DUS,Boulder Valley School District,
0802580DUS,School District 27J,
0802760DUS,Campo School District RE-6,
0802790DUS,Canon City Re-1,
0802910DUS,Cherry Creek Schools,1
0803000DUS,Clear Creek School District RE-1,
0803060DUS,Colorado Springs School District 11,
0803330DUS,Delta County 50(j),1
0803360DUS,Denver Public Schools,
0803450DUS,Douglas County School District,
0803480DUS,Durango 9-r,
0803510DUS,Eads School District RE-1,
0803540DUS,Eagle County Schools,
0803750DUS,Ellicott 22,
0803780DUS,Englewood Schools,
0803990DUS,Poudre School District,1
0804020DUS,Weld County S/d Re-8,1
0804050DUS,Morgan County School District Re-3,
0804080DUS,Fountain-Fort Carson School District 8,
0804260DUS,Roaring Fork Re-1,
0804290DUS,Granada School District RE-1,
0804320DUS,East Grand 2,
0804350DUS,Mesa County Valley School District 51,1
0804410DUS,Greeley-Evans School District 6,1
0804470DUS,Gunnison Watershed Re1j,
0804590DUS,Hayden Re-1,1
0804680DUS,Holly School District RE-3,
0804800DUS,Jefferson County Public Schools,1
0804830DUS,Johnstown-milliken Re-5j,1
0804920DUS,Weld County School District Re-3J (Keenesburg),1
0804950DUS,Platte Valley Re-7,
0804980DUS,Kim Reorganized School District 88,
0805070DUS,West Grand 1-jt.,
0805220DUS,Lamar School District RE-2,
0805370DUS,St. Vrain Valley Schools,
0805400DUS,Thompson School District,
0805490DUS,Manitou Springs 14,
0805580DUS,McClave School District RE-2,
0805610DUS,Meeker Re1,
0805790DUS,Montrose County School District RE-1J,
0805820DUS,Lewis-Palmer District 38,
0805910DUS,South Routt Re 3,
0805970DUS,Ouray R-1,
0806000DUS,Platte Valley Re-3,
0806090DUS,Pritchett School District RE-3,
0806120DUS,Pueblo City Schools,
0806150DUS,Pueblo County School District 70,1
0806240DUS,Garfield School District Re-2,1
0806480DUS,Widefield School District 3,
0806540DUS,Sheridan 2,
0806630DUS,Springfield School District RE-4,
0806660DUS,Steamboat Springs School District ,
0806810DUS,Summit School District,1
0806900DUS,Adams 12 Five Star Schools,1
0806930DUS,Plainview School District RE-2,
0806990DUS,Vilas School District RE-5,
0807080DUS,Huerfano Re-1,
0807110DUS,Walsh School District RE-1,
0807350DUS,Weld RE-4 School District,
0807380DUS,Woodland Park Re-2,
0900002DUS,Connecticut Technical Education Career System,
0900005DUS,Regional School District 19,
0900060DUS,Ansonia School District,1
0900120DUS,Avon School District,
0900210DUS,Berlin School District,
0900270DUS,Bethel School District,
0900330DUS,Bloomfield School District,
0900360DUS,Bolton School District,
0900420DUS,Branford School District,
0900450DUS,Bridgeport Public Schools,
0900510DUS,Bristol Public Schools,1
0900540DUS,Brookfield School District,
0900690DUS,Canton School District,
0900700DUS,Capitol Region Education Council,
0900750DUS,Cheshire School District,
0900810DUS,Clinton School District,
0900840DUS,Colchester School District,
0900960DUS,Coventry School District,
0900990DUS,Cromwell School District,
0901020DUS,Danbury School District,
0901050DUS,Darien School District,
0901110DUS,Derby School District,
0901170DUS,East Granby School District,
0901200DUS,East Haddam School District,
0901230DUS,East Hampton School District,
0901260DUS,East Hartford School District,
0901290DUS,East Haven School District,
0901320DUS,East Lyme School District,1
0901440DUS,Ellington School District,
0901470DUS,Enfield School District,
0901530DUS,Fairfield Public Schools,
0901560DUS,Farmington School District,
0901620DUS,Glastonbury School District,
0901680DUS,Granby School District,
0901710DUS,Greenwich School District,
0901740DUS,Griswold School District,
0901770DUS,Groton School District,
0901800DUS,Guilford School District,
0901860DUS,Hamden School District,
0901920DUS,Hartford School District,
0902070DUS,Killingly School District,1
0902130DUS,Lebanon School District,
0902160DUS,Ledyard School District,
0902220DUS,Litchfield School District,
0902280DUS,Madison School District,
0902310DUS,Manchester School District,
0902400DUS,Meriden School District,
0902520DUS,Milford School District,
0902550DUS,Monroe School District,
0902640DUS,Naugatuck School District,
0902700DUS,New Canaan School District,
0902730DUS,New Fairfield School District,
0902790DUS,New Haven Public Schools,
0902820DUS,New London School District,
0902880DUS,Newington School District,
0902910DUS,Newtown School District,
0902970DUS,North Branford School District,
0903030DUS,North Haven School District,1
0903060DUS,North Stonington School District,
0903090DUS,Norwalk School District,
0903120DUS,Norwich School District,
0903180DUS,Old Saybrook School District,
0903210DUS,Orange School District,
0903240DUS,Oxford School District,
0903270DUS,Plainfield School District,
0903300DUS,Plainville School District,
0903330DUS,Plymouth School District,
0903390DUS,Portland Public Schools,
0903450DUS,Learn,
0903520DUS,Regional School District 10,
0903530DUS,Regional School District 12,
0903535DUS,Regional School District 13,
0903536DUS,Regional School District 14,
0903537DUS,Regional School District 15,
0903538DUS,Regional School District 16,
0903539DUS,Regional School District 17,
0903570DUS,Regional School District 11,
0903600DUS,Regional School District 01,
0903630DUS,Regional School District 04,
0903660DUS,Regional School District 05,
0903750DUS,Regional School District 08,
0903780DUS,"Easton, Redding, & Region 9 School Districts",
0903810DUS,Ridgefield School District,1
0903840DUS,Rocky Hill School District,
0903990DUS,Seymour School District,
0904050DUS,Shelton School District,
0904110DUS,Simsbury School District,
0904140DUS,Somers School District,
0904170DUS,South Windsor School District,
0904230DUS,Southington School District,1
0904290DUS,Stafford School District,
0904320DUS,Stamford Public Schools,
0904380DUS,Stonington School District,
0904440DUS,Stratford Public Schools,1
0904470DUS,Suffield School District,
0904560DUS,Tolland School District,1
0904590DUS,Torrington School District,1
0904620DUS,Trumbull School District,
0904680DUS,Vernon School District,1
0904740DUS,Wallingford School District,
0904830DUS,Waterbury School District,
0904860DUS,Waterford School District,
0904890DUS,Watertown School District,
0904920DUS,West Hartford School District,
0904950DUS,West Haven School District,
0904980DUS,Westbrook School District,
0905010DUS,Weston School District,
0905040DUS,Westport Public Schools,
0905070DUS,Wethersfield School District,
0905190DUS,Windham School District,1
0905220DUS,Windsor School District,
0905250DUS,Windsor Locks School District,
0905280DUS,Wolcott School District,
0905371DUS,Norwich Free Academy,
1001850DUS,Woodbridge School District,
1100030DUS,District of Columbia Public Schools,
1200150DUS,Brevard County School District,
1200180DUS,Broward County School District,
1200330DUS,Collier County School District,1
1200420DUS,Desoto County School District,
1200660DUS,Glades County School District,
1200930DUS,Indian River County School District,1
1201320DUS,Monroe County School District,
1201440DUS,Orange County Public Schools,1
1201470DUS,Osceola County School District,
1201680DUS,Sarasota County School District,
1201770DUS,St. Lucie County School District,1
1300420DUS,Bibb County,
1301230DUS,Clayton County,
1301290DUS,Cobb County,
1301740DUS,Dekalb County,
1301830DUS,Dougherty County,
1302130DUS,Fayette County Public Schools,
1302280DUS,Fulton County,
1302550DUS,Gwinnett County,
1303510DUS,Marietta City,
1304170DUS,Pike County,1
1500030DUS,Hawaii Department Of Education,
1600300DUS,Blaine County District,
1600360DUS,Boise School District,1
1602030DUS,McCall-Donnelly School District,1
1602100DUS,West Ada School District,1
1602250DUS,Mountain Home School District #193,
1700110DUS,North Chicago Sd 187,1
1704170DUS,Township High School District 214,
1704680DUS,East Aurora SD 131,
1705050DUS,Barrington Cusd 220,
1705220DUS,Batavia Usd 101,1
1706420DUS,Bloom Twp Hsd 206,1
1706540DUS,Community High School District 218,1
1707050DUS,Bremen Chsd 228,
1708010DUS,Byron Cusd 226,
1708550DUS,Cusd 300,
1709420DUS,Champaign Cusd 4,
1709930DUS,Chicago Public Schools,
1711250DUS,Crete Monee Cusd 201u,
1711370DUS,Community High School District 155,1
1713320DUS,East St Louis Sd 189,1
1713710DUS,Illinois School District U-46,1
1714100DUS,Elmwood Park Cusd 401,
1714490DUS,Evanston Twp Hsd 202,
1714580DUS,Evergreen Park Chsd 231,
1715900DUS,Freeport School District 145,1
1716830DUS,Glenbard Township High School District 87,
1716950DUS,Brookwood Sd 167,
1719320DUS,Hinsdale Township High School District 86,
1719830DUS,Huntley Community School District 158,
1719970DUS,Il Valley Central Usd 321,
1720610DUS,Joliet Twp Hsd 204,1
1720760DUS,Kankakee Sd 111,
1724090DUS,Maine Township High School District 207,
1725320DUS,Mc Henry Chsd 156,1
1726880DUS,J S Morton Hsd 201,1
1728620DUS,Mclean County Usd 5,
1729890DUS,Olympia Cusd 16,1
1730270DUS,Oswego Cusd 308,
1731740DUS,Plainfield School District 202,
1732910DUS,Proviso Township High Schools District 209,1
1733420DUS,Rich Township High School District 227,1
1738940DUS,Thornton Fractional Twp Hsd 215,
1738970DUS,Thornton Township High Schools District 205,
1740070DUS,Valley View Cusd 365u,
1740800DUS,Warren Township High School District 121,
1741190DUS,Wauconda Cusd 118,
1741250DUS,Waukegan Public School District 60,
1742310DUS,Sterling Public Schools,1
1742630DUS,Wilmington Cusd 209u,
1743890DUS,Zion-benton Twp Hsd 126,
1743960DUS,Yorkville Cusd 115,1
1800150DUS,Anderson Community School Corp,1
1800240DUS,South Dearborn Com School Corp,1
1800330DUS,Barr-Reeve Com Schools Inc,1
1800360DUS,Bartholomew Con School Corp,
1800420DUS,Baugo Community Schools,1
1800630DUS,Monroe County Com Sch Corp,1
1800840DUS,Clay Community Schools,1
1800960DUS,Brown County School Corporation,1
1801055DUS,University Schools,1
1801410DUS,Caston School Corporation,1
1802280DUS,Whitley Co Cons Schools,
1802400DUS,Concord Community Schools,1
1802610DUS,Decatur County Com Schools,1
1802640DUS,MSD Decatur Township,1
1802800DUS,Duneland School Corporation,
1802970DUS,East Noble School Corporation,1
1803120DUS,Eastern Hancock Co Com Sch Corp,1
1803270DUS,Elkhart Community Schools,1
1803450DUS,Evansville Vanderburgh School Corporation,
1803690DUS,Franklin Community School Corporation,
1803700DUS,Franklin County Com Sch Corp,1
1803810DUS,Frontier School Corporation,
1803870DUS,Gary Community School Corp,1
1803930DUS,Goshen Community Schools,
1803940DUS,Greater Clark County Schools,
1803960DUS,Greater Jasper Con Schs,1
1804050DUS,Greenfield-central Com Schools,
1804260DUS,Hamilton Heights School Corp,
1804350DUS,Hanover Community School Corp,1
1804590DUS,School City Of Hobart,1
1804710DUS,Huntington Co Com Sch Corp,1
1804770DUS,Indianapolis Public Schools,1
1805190DUS,Jennings County Schools,1
1805280DUS,Kankakee Valley School Corp,
1805400DUS,Lafayette School Corporation,1
1805450DUS,Lake Central School Corp,
1805520DUS,Lakeland School Corporation,1
1805580DUS,Laporte Community School Corp,1
1805670DUS,MSD Lawrence Township,1
1805790DUS,Lebanon Community School Corp,1
1806030DUS,Logansport Community Sch Corp,1
1806060DUS,Loogootee Community Sch Corp,1
1806510DUS,MSD Martinsville Schools,1
1806570DUS,Michigan City Area Schools,
1806600DUS,Middlebury Community Schools,1
1806630DUS,Milan Community Schools,
1807110DUS,Eastern Pulaski Com Sch Corp,1
1807140DUS,Mooresville Con School Corp,1
1807230DUS,Yorktown Community Schools,1
1807260DUS,Mt. Vernon Community School Corporation,
1807320DUS,Muncie Community Schools,1
1807620DUS,Nineveh-hensley-jackson United,1
1807650DUS,Noblesville Schools,
1807710DUS,North Daviess Com Schools,1
1807860DUS,North Lawrence Com Schools,1
1807900DUS,North Montgomery Com Sch Corp,1
1808100DUS,North West Hendricks Schools,
1808130DUS,North White School Corp,
1808220DUS,Northern Wells Com Schools,1
1808280DUS,Shenandoah School Corporation,1
1808340DUS,Oak Hill United School Corp,1
1808760DUS,Penn-harris-madison Sch Corp,1
1808820DUS,MSD Perry Township,1
1808900DUS,Pike County School Corp,
1808910DUS,MSD Pike Township,1
1808970DUS,Plainfield Community Sch Corp,
1809480DUS,Richland-bean Blossom C S C,1
1809600DUS,Rising Sun-ohio Co Com,1
1810140DUS,Shelbyville Central Schools,1
1810170DUS,Shoals Community School Corp,1
1810350DUS,South Gibson School Corp,1
1810360DUS,South Harrison Com Schools,1
1810500DUS,South Putnam Community Schools,
1810590DUS,South Vermillion Com Sch Corp,1
1810650DUS,Hamilton Southeastern Schools,
1810710DUS,Southern Hancock Co Com Sch Corp,
1810860DUS,Southwest School Corp,
1811250DUS,Taylor Community School Corp,1
1811430DUS,Tri-County School Corp,
1811580DUS,Twin Lakes School Corp,
1811970DUS,Valparaiso Community Schools,1
1812150DUS,Wabash City Schools,1
1812180DUS,MSD Wabash County Schools,1
1812240DUS,Wa-nee Community Schools,1
1812360DUS,MSD Warren Township,1
1812810DUS,MSD Wayne Township,1
1812900DUS,West Noble School Corporation,1
1813050DUS,Western Wayne Schools,1
1813080DUS,Westfield Washington Schools,1
1813110DUS,Westview School Corporation,1
1903540DUS,Ames Comm School District,
1903690DUS,Ankeny Community Schools District,1
1904200DUS,Ballard Comm School District,
1905790DUS,Burlington Comm School District,1
1906270DUS,Carlisle Comm School District,
1907860DUS,College Comm School District,1
1908220DUS,Council Bluffs Comm School District,1
1908520DUS,Dallas Center-Grimes Comm School District,1
1908970DUS,Des Moines Public Schools,1
1911820DUS,Fort Dodge Comm School District,1
1915450DUS,Johnston Comm School District,1
1926400DUS,Sioux City Community Schools,1
1928680DUS,Urbandale Comm School District,1
1930930DUS,West Des Moines Comm School District,1
2003200DUS,Auburn Washburn,1
2007950DUS,Kansas City Kansas Public Schools,
2009180DUS,Manhattan-Ogden USD 383,1
2009390DUS,McPherson USD 418,1
2009960DUS,Newton Public Schools,
2012000DUS,Blue Valley School District,1
2100070DUS,Allen County Schools,
2100081DUS,Muhlenberg County,
2100150DUS,Ashland Ind,
2100480DUS,Berea Ind,
2100540DUS,Bourbon Co,
2100630DUS,Boyle Co,
2100750DUS,Bullitt Co,
2102040DUS,Fort Thomas Independent,1
2103480DUS,Lincoln County,
2103540DUS,Logan County,
2103630DUS,Ludlow Independent,
2104530DUS,Oldham County,
2104830DUS,Pikeville Independent,
2105070DUS,Rockcastle County,
2105260DUS,Scott County,
2105700DUS,Walton Verona Independent,
2201440DUS,Saint Charles Parish School Board,
2302610DUS,Auburn School Department,
2303290DUS,Boothbay-boothbay Hbr Csd,
2303810DUS,Regional School Unit 25,
2306060DUS,Gorham School Department,
2307140DUS,Kittery School Department,
2307570DUS,RSU 04,
2309930DUS,Portland Public Schools (ME),
2310500DUS,Sanford School Department,
2310680DUS,Msad 14         Danforth,
2313560DUS,Westbrook School Department,1
2314670DUS,Regional School Unit 57,1
2400030DUS,Allegany County Public Schools,
2400060DUS,Anne Arundel County Public Schools,
2400090DUS,Baltimore City Public Schools,1
2400120DUS,Baltimore County Public Schools,
2400180DUS,Caroline County Public Schools,
2400210DUS,Carroll County Public Schools,
2400240DUS,Cecil County Public Schools,
2400300DUS,Dorchester County Public Schools,1
2400330DUS,Frederick County Public Schools,1
2400390DUS,Harford County Public Schools,
2400420DUS,Howard County Public Schools,1
2400450DUS,Kent County Public Schools,
2400480DUS,Montgomery County Public Schools,1
2400510DUS,Prince George's County Public Schools,1
2400540DUS,Queen Anne's County Public Schools,1
2400570DUS,Somerset County Public Schools,
2400600DUS,St. Mary's County Public Schools,
2400630DUS,Talbot County Public Schools,
2400690DUS,Wicomico County Public Schools,
2400720DUS,Worcester County Public Schools,1
2500001DUS,Quabbin,
2500002DUS,Spencer-e Brookfield,1
2500026DUS,City on a Hill Charter Public Schools,
2502100DUS,Ashland,
2502190DUS,Attleboro,
2502280DUS,Ayer Shirley Regional School District,
2502640DUS,Beverly,
2502670DUS,Billerica,
2502790DUS,Boston Public Schools,
2503240DUS,Burlington Public Schools,
2503390DUS,Central Berkshire,
2503540DUS,Chelsea,
2503990DUS,Danvers,
2504230DUS,Douglas,
2504290DUS,Dover-sherborn,
2504320DUS,Dracut Public Schools,1
2504620DUS,Easton,
2504830DUS,Fall River,
2505670DUS,Hamilton-wenham,
2505790DUS,Hanover,
2505970DUS,Haverhill,
2506240DUS,Holliston,
2506780DUS,Leominster,
2507110DUS,Lynn Public Schools,
2507320DUS,Marlborough,
2507440DUS,Mashpee,
2507560DUS,Medford,
2507680DUS,Mendon-upton,
2507860DUS,Milford,
2508940DUS,Northbridge,
2509000DUS,Norton,
2509150DUS,Old Rochester,
2509420DUS,Pembroke Public Schools,
2509450DUS,Pentucket,1
2509720DUS,Plymouth Public Schools,
2510050DUS,Revere,
2510500DUS,Saugus,
2510615DUS,Shawsheen Valley Voc Tech ( District),
2510620DUS,Sharon,
2510890DUS,Somerville,
2510920DUS,South Hadley,
2511010DUS,Southbridge,
2511040DUS,Southern Berkshire,
2511130DUS,Springfield Public Schools,
2511250DUS,Stoughton,
2511460DUS,Swansea,
2511580DUS,Tewksbury,
2511760DUS,Tyngsborough,
2512060DUS,Wareham,1
2512630DUS,Westfield,
2512660DUS,Westford,
2513080DUS,Winchendon,
2513200DUS,Woburn,
2513230DUS,Worcester Public Schools,1
2600114DUS,Black River Public School - District,1
2602550DUS,Allendale Public School District,1
2602820DUS,Ann Arbor Public Schools,
2605010DUS,Berkley School District,
2605850DUS,Birmingham City School District,1
2607620DUS,Caledonia Community Schools,
2608940DUS,Chelsea School District,
2610830DUS,Coopersville Public School District,1
2612030DUS,Dexter Community School District,
2614610DUS,Forest Hills Public Schools,
2616110DUS,Godwin Heights Public Schools,
2616380DUS,Grand Haven Area Public Schools,1
2616440DUS,Grand Rapids Public Schools,
2617400DUS,Hamilton Community Schools,1
2617970DUS,Hastings Area School District,1
2618420DUS,Holland City School District,1
2618840DUS,Hudsonville Public School District,1
2618930DUS,Huron School District,1
2619830DUS,Jenison Public Schools,1
2621570DUS,Lincoln Consolidated School District,
2624150DUS,Monroe Public Schools,1
2625140DUS,New Buffalo Area Schools,
2625740DUS,Grosse Pointe Public Schools,
2625950DUS,Northview Public School District,
2627240DUS,Oxford Community Schools,1
2630030DUS,Rockford Public Schools,
2630660DUS,Saline Area Schools,
2630960DUS,Saugatuck Public Schools,1
2632280DUS,South Redford School District,
2632550DUS,Spring Lake Public Schools,1
2634470DUS,Utica Community Schools,1
2635910DUS,West Ottawa Public School District,1
2636330DUS,Whitmore Lake Public Schools,
2636630DUS,Ypsilanti Community Schools,
2636660DUS,Zeeland Public Schools,1
2680900DUS,Ottawa Area Isd,1
2703150DUS,Annandale Public School District,1
2703180DUS,Anoka-Hennepin School District,
2703450DUS,Austin Public School District,
2703870DUS,Becker Public School District,1
2705790DUS,Bloomington Public School District,
2707290DUS,Burnsville Public School District,1
2709440DUS,Rocori Public School District,
2711250DUS,Edina Public School District,
2711670DUS,Minnetonka Public Schools,
2712270DUS,Forest Lake Public School District,1
2714220DUS,Eden Prairie Public School District,1
2714260DUS,Hopkins Public School District,
2715030DUS,Inver Grove Heights Community Schools,
2716980DUS,Kasson-Mantorville School Dist.,
2718780DUS,Mankato Area Public Schools,
2721240DUS,Minneapolis Public Schools,1
2721420DUS,Moorhead Public School District,1
2722920DUS,Westonka Public School District,
2722950DUS,Mounds View Public School District,
2725080DUS,Orono Public Schools,
2730030DUS,Princeton Public School District,
2730060DUS,Prior Lake-Savage Area Schools,
2731750DUS,Richfield Public School District,
2732390DUS,Rosemount-Apple Valley-Eagan Public Schools,
2732430DUS,Roseville Public School District,
2733330DUS,Spring Lake Park Public Schools,1
2733780DUS,St. Louis Park Public Schools,
2733810DUS,South Washington County Schools,
2733840DUS,Saint Paul Public Schools,
2733870DUS,St. Peter Public School District,
2738160DUS,Stewartville Public School District,
2742270DUS,West St. Paul-Mendota Hts.-Eagan / ISD 197,
2742360DUS,White Bear Lake Area Schools,
2800750DUS,Cleveland School Dist,
2801200DUS,Columbus Municipal School Dist,1
2803060DUS,Neshoba County School District,1
2803450DUS,Oxford School District,
2904620DUS,Belton School District #124,
2908250DUS,Center School District,1
2912300DUS,Fox C-6,1
2916290DUS,Jennings School District,
2916400DUS,Kansas City Public Schools,1
2916770DUS,Kirkwood R-vii,
2918300DUS,Lee's Summit R-7 School District,1
2918540DUS,Liberty Public Schools,
2922530DUS,Nixa Public Schools,1
2923430DUS,Ozark R-VI School District,1
2923550DUS,Park Hill School District,1
2923580DUS,Parkway School District,
2923700DUS,Pattonville R-iii,1
2923730DUS,Raymore-Peculiar School District,1
2926160DUS,Reeds Spring R-iv,1
2926220DUS,Republic R-iii,1
2926890DUS,Rolla 31,1
2927570DUS,Savannah R-iii,1
2929100DUS,St. Clair R-XIII School District,1
2930450DUS,Lincoln County R-III School District,1
2930520DUS,Twin Rivers R-x,1
2930570DUS,Union R-XI School District,1
3003330DUS,Belgrade H S,
3007930DUS,Custer County H S,
3100016DUS,Grand Island Public Schools,1
3100021DUS,Waverly School District 145,
3103810DUS,Bellevue Public Schools,
3170110DUS,Elkhorn Public Schools,
3170140DUS,Elm Creek Public Schools,1
3172390DUS,Kearney Public Schools,
3173740DUS,Millard Public Schools,
3174820DUS,Omaha Public Schools,
3175270DUS,Papillion-La Vista School District,1
3175900DUS,Ralston Public Schools,
3180010DUS,Educational Service Unit 01,
3180020DUS,Educational Service Unit 02,
3300017DUS,Exeter Region Cooperative School District,
3301860DUS,Berlin School District,
3301950DUS,Bow School District,
3302340DUS,Claremont School District,
3302990DUS,Fall Mountain Regional School District,
3303090DUS,Franklin School District,
3303240DUS,Goffstown School District,
3304140DUS,Laconia School District,1
3304290DUS,Lisbon Regional School District,
3304980DUS,Nashua School District,
3305880DUS,Raymond School District,1
3306080DUS,Sanborn Regional School District,
3306540DUS,Sunapee School District,
3307050DUS,White Mountains Regional School District,
3400690DUS,Alexandria Township,
3400930DUS,Asbury Park,
3401260DUS,Bayonne,1
3401470DUS,Bergen County Technical Schools,
3402030DUS,Bordentown Regional School District,
3402400DUS,Buena Regional,
3402490DUS,Burlington County Institute of Technology,1
3402640DUS,Camden City School District,
3402820DUS,Carteret Borough,
3403150DUS,Clark Township,
3403270DUS,Cliffside Park,
3403750DUS,Delaware Valley Regional,
3403900DUS,Deptford Township,
3403990DUS,Dumont,
3404110DUS,East Brunswick Township,
3404230DUS,East Orange School District,
3404320DUS,East Windsor Regional Schools,1
3404500DUS,Edison Township,
3404590DUS,Elizabeth Public Schools,
3404660DUS,Elmwood Park Public Schools,
3404740DUS,Englewood City,
3404800DUS,Essex County Schools of Technology,
3404920DUS,Ewing Township,
3405490DUS,Franklin Township,
3405610DUS,Freehold Regional High School District,
3406060DUS,Greater Egg Harbor Regional High School District,
3406390DUS,Haddonfield Borough,
3406540DUS,Hamilton Township,
3407570DUS,Hudson County Schools of Technology,
3407680DUS,Irvington Board of Education,
3407740DUS,Jackson Township Public Schools,
3407800DUS,Jefferson Township Public Schools,
3407830DUS,Jersey City,
3407860DUS,Keansburg Borough,
3407980DUS,Kingsway Regional School District,
3408100DUS,Lacey Township,
3408490DUS,Lenape Regional High School District,
3408640DUS,Lindenwold Borough,
3408820DUS,Livingston Township,
3409060DUS,Pine Hill School District,
3409090DUS,Lower Cape May Regional,
3409210DUS,Lyndhurst Township,
3409420DUS,Manasquan,
3409750DUS,Matawan-aberdeen Regional,
3409990DUS,Metuchen,
3410020DUS,Middle Township,
3410050DUS,Middlesex Borough,
3410080DUS,Middlesex County Vocation,
3410110DUS,Middletown Township,
3410470DUS,Monroe Township,
3410500DUS,Monroe Township,
3410590DUS,Montgomery Township Board of Education,
3410650DUS,Montville Township,
3410740DUS,Morris Hills Regional District,
3410810DUS,Morris School District,
3411310DUS,New Providence,
3411340DUS,Newark Public Schools,
3411640DUS,North Plainfield Borough,
3411700DUS,Northern Burlington Count,
3411880DUS,Nutley,
3411970DUS,Ocean City,
3411980DUS,Ocean County Vocational Technical Schools,
3412060DUS,Ocean Township,
3412260DUS,River Dell Regional School District,
3412480DUS,Parsippany-Troy Hills School District,
3412510DUS,Pascack Valley Regional High School District,
3412540DUS,Passaic City,
3412690DUS,Paterson Public Schools,
3412810DUS,Pemberton Township,1
3412840DUS,Penns Grove-Carneys Point,
3412930DUS,Perth Amboy,
3413050DUS,Piscataway Township,
3413110DUS,Pittsgrove Township,
3413230DUS,Plumsted Township,
3413410DUS,Princeton Regional,
3413560DUS,Ramapo Indian Hills Regional High School District,
3413770DUS,Ridgefield,
3413800DUS,Ridgefield Park,
3414460DUS,Rutherford,
3414550DUS,Salem City,1
3414640DUS,Sayreville,
3414850DUS,Secaucus,
3415060DUS,Somerset County Vocational & Technical Schools,
3415120DUS,South Amboy,
3415390DUS,South River,1
3416080DUS,Teaneck,1
3416290DUS,Trenton,
3416380DUS,Union City,
3416470DUS,Barnegat Township,
3416500DUS,Union Township,
3416970DUS,Warren Hills Regional Hig,
3417070DUS,Washington Township,
3417100DUS,Washington Township,
3417280DUS,Wayne Township,
3417460DUS,West Essex Regional,
3417500DUS,Monmouth County Vocational School District,
3417520DUS,West Milford Township,
3417610DUS,West Orange,1
3417700DUS,West Windsor-Plainsboro Regional School District,
3418000DUS,Willingboro Public Schools,
3418040DUS,Union County Vocational Technical Schools,
3500010DUS,Rio Rancho Public Schools,1
3500060DUS,Albuquerque Public Schools,1
3500390DUS,Central Consolidated Schools,
3500540DUS,Cloudcroft Municipal Schools,
3500990DUS,Farmington Municipal Schools,
3501680DUS,Los Lunas Public Schools,1
3501890DUS,Moriarty-Edgewood School District,1
3502250DUS,Roswell Independent Schools,
3502370DUS,Santa Fe Public Schools,
3600005DUS,Broadalbin-Perth Central School District,
3600008DUS,South Country Central School District,
3600010DUS,Cobleskill-Richmondville Central School District,
3600013DUS,Oneida City School District,
3600016DUS,Averill Park Central Schools,
3600021DUS,Mattituck-cutchogue Union Free School District,
3602430DUS,Akron Central School District,
3602460DUS,Albany City School District,
3602520DUS,Albion Central School District,
3602730DUS,Windsor Central School District,
3602940DUS,Amityville Union Free School District,
3602970DUS,Amsterdam City School District,
3603660DUS,Avon Central School District,
3603930DUS,Ballston Spa Central School District,
3604080DUS,Bay Shore Union Free School District,1
3604110DUS,Bayport-blue Point Union Free School District,
3604140DUS,Beacon City School District,
3604710DUS,Bethlehem Central School District,
3604740DUS,Bethpage Union Free School District,
3604870DUS,Binghamton City School District,
3605280DUS,Brentwood Union Free School District,
3605460DUS,Brighton Central School District,1
3605580DUS,Brockport Central School District,
3605850DUS,Buffalo Public Schools,1
3605940DUS,Burnt Hills-Ballston Lake Central School District,
3606060DUS,Byram Hills Central School District,
3606300DUS,Canajoharie Central School District,
3606330DUS,Canandaigua City School District,1
3606470DUS,Canton Central School District,
3606500DUS,Spackenkill Union Free School District,
3606540DUS,Carle Place Union Free School District,
3606690DUS,Cato-Meridian Central School District,
3606720DUS,Catskill Central School District,
3606780DUS,Cazenovia Central School District,
3607080DUS,Chateaugay Central School District,
3607530DUS,Churchville-chili Central School District,
3607980DUS,Cohoes City School District,
3608010DUS,Cold Spring Harbor Central School District,
3608130DUS,Commack Union Free School District,
3608160DUS,Connetquot Central School District,
3608340DUS,Pembroke Central School District,
3608400DUS,Corning City School District,
3608460DUS,Cortland City School District,
3608580DUS,Croton-harmon Union Free School District,
3608880DUS,Deer Park Union Free School District,
3609120DUS,Dobbs Ferry Union Free School District,
3609330DUS,Dryden Central School District,
3609690DUS,East Irondequoit Central School District,
3609720DUS,East Islip Union Free School District,
3609840DUS,East Meadow School District,
3610590DUS,Elmira Heights Central School District,
3610680DUS,Elwood Union Free School District,
3610860DUS,Fabius-pompey Central School District,
3610980DUS,Farmingdale Union Free School District,
3611190DUS,Fonda-Fultonville Central School District,
3611550DUS,Freeport Union Free School District,
3611670DUS,Frontier Central School District,
3611700DUS,Fulton City School District,
3611740DUS,Gananda Central School District,
3611760DUS,Garden City Union Free School District,
3611880DUS,Gates-chili Central School District,
3612180DUS,Glen Cove City School District,
3612270DUS,Gloversville City School District,
3612630DUS,Greece Central School District,
3613290DUS,Half Hollow Hills Central School District,
3613530DUS,Hampton Bays Union Free School District,
3613980DUS,Hauppauge Union Free School District,
3614190DUS,Hendrick Hudson Central School District,
3614280DUS,Herricks Union Free School District,
3614340DUS,Hicksville Union Free School District,
3614430DUS,Highland Falls Central School District,
3614460DUS,Hilton Central School District,
3614580DUS,Holland Patent Central School District,
3614640DUS,Homer Central School District,
3614700DUS,Honeoye Falls-lima Central School District,
3614850DUS,Horseheads Central School District,
3615090DUS,Huntington Union Free School District,
3615180DUS,Hyde Park Central School District,
3615390DUS,West Irondequoit Central School District,
3615450DUS,Irvington Union Free School District,
3615480DUS,Island Park Union Free School District,
3615540DUS,Islip Union Free School District,
3615570DUS,Ithaca City School District,
3615810DUS,Jericho Union Free School District,
3615990DUS,Jordan-Elbridge Central School District,
3616230DUS,Kenmore-Tonawanda Union Free School District,1
3616260DUS,Kings Park Central School District,
3616410DUS,LaFayette Central School District,
3616620DUS,Lakeland Central School District,
3616710DUS,Lansing Central School District,
3616830DUS,Lawrence Union Free School District,
3617160DUS,Levittown Public Schools,
3617190DUS,Lewiston-Porter Central School District,
3617380DUS,Lindenhurst Union Free School District,
3617520DUS,Liverpool Central School District,
3617730DUS,Long Beach City School District,
3617940DUS,Lyncourt Union Free School District,
3618120DUS,Mahopac Central School District,
3618180DUS,Malone Central School District,
3618210DUS,Malverne Union Free School District,
3618450DUS,Marathon Central School District,
3618570DUS,Marlboro Central School District,
3618630DUS,Massapequa Union Free School District,
3619020DUS,Bellmore-Merrick Central High School District,
3619170DUS,Mexico Central School District,
3619200DUS,Middle Country Central School District,
3619230DUS,Longwood Central School District,
3619380DUS,Millbrook Central School District,
3619410DUS,Miller Place Union Free School District,
3619560DUS,Minisink Valley Central School District,1
3619650DUS,Monroe-Woodbury Central School District,
3619740DUS,Monticello Central School District,
3620100DUS,Mount Vernon City School District,1
3620190DUS,Nanuet Union Free School District,
3620340DUS,Clarkstown Central School District,
3620370DUS,New Hartford Central School District,
3620460DUS,New Paltz Central School District,
3620490DUS,New Rochelle City School District,1
3620700DUS,Newburgh City School District,
3620880DUS,Niskayuna Central School District,
3620910DUS,North Babylon Union Free School District,
3621000DUS,North Colonie Central School District,
3621120DUS,North Merrick Union Free School District,
3621270DUS,Northport/East Northport Union Free School Distric,
3621480DUS,Nyack Union Free School District,
3621570DUS,Oceanside Union Free School District,
3621810DUS,Onondaga Central School District,
3621840DUS,Onteora Central School District,
3621900DUS,Orchard Park Central School District,
3621960DUS,Oriskany Central School District,
3622050DUS,Oswego City School District,
3622380DUS,Palmyra-macedon Central School District,
3622470DUS,Patchogue-Medford Union Free School District,
3622530DUS,Pawling Central School District,
3622680DUS,Pelham Union Free School District,
3622920DUS,Phoenix Central School District,
3623010DUS,Pine Bush Central School District,
3623160DUS,Pittsford Central School District,
3623310DUS,Pleasantville Union Free School District,
3623460DUS,Port Chester-rye Union Free School District,
3623520DUS,Port Jervis City School District,1
3623670DUS,Potsdam Central School District,
3623760DUS,Poughkeepsie City School District,
3624000DUS,Putnam Valley Central School District,1
3624030DUS,Queensbury Union Free School District,
3624150DUS,Ravena-Coeymans-Selkirk Central School District,
3624480DUS,Rhinebeck Central School District,
3624630DUS,Blind Brook-rye Union Free School District,
3624750DUS,Rochester City School District,
3624780DUS,Rockville Centre Union Free School District,
3624840DUS,Rocky Point Union Free School District,
3625170DUS,Rush-henrietta Central School District,1
3625320DUS,Florida Union Free School District,
3625350DUS,Sachem Central School District,1
3625380DUS,Sag Harbor Union Free School District,
3625650DUS,Sandy Creek Central School District,
3625740DUS,Saranac Lake Central School District,
3625770DUS,Saratoga Springs City School District,
3625920DUS,Sayville Union Free School District,
3626010DUS,Schenectady City School District,
3626370DUS,North Shore Central School District,
3626520DUS,Sewanhaka Central High School District,
3626640DUS,Shelter Island Union Free School District,
3626670DUS,Shenendehowa Central School District,
3626700DUS,Sherburne-earlville Central School District,
3626760DUS,Sherrill City School District,
3626840DUS,Shoreham-wading River Central School District,
3626940DUS,Skaneateles Central School District,
3627060DUS,Smithtown Central School District,
3627150DUS,Solvay Union Free School District,
3627180DUS,Somers Central School District,
3627240DUS,South Glens Falls Central School District,
3627450DUS,South Orangetown Central School District,
3627540DUS,Southampton Union Free School District,
3627570DUS,Southern Cayuga Central School District,
3627750DUS,Spencer-van Etten Central School District,
3627810DUS,East Ramapo Central School District,
3627900DUS,Springs Union Free School District,
3628200DUS,Three Village Central School District,
3628320DUS,Ramapo Central School District,
3628560DUS,Syosset Central School District,
3628590DUS,Syracuse City School District,
3628950DUS,Troy City School District,
3629250DUS,Union Springs Central School District,
3629280DUS,Uniondale Union Free School District,
3629400DUS,Valhalla Union Free School District,
3629520DUS,Valley Stream Central High School District,
3629640DUS,Victor Central School District,
3629670DUS,Voorheesville Central School District,
3629790DUS,Wallkill Central School District,
3629880DUS,Wappingers Central School District,
3629970DUS,Warwick Valley Central School District,
3630120DUS,Watertown City School District,
3630330DUS,Wayne Central School District,
3630360DUS,Webster Central School District,
3630540DUS,West Babylon Union Free School District,
3630630DUS,West Genesee Central School District,
3630690DUS,West Islip Union Free School District,
3630780DUS,West Seneca Central School District,
3630960DUS,Westbury Union Free School District,
3631020DUS,Westhampton Beach Union Free School District,
3631050DUS,Westmoreland Central School District,
3631260DUS,White Plains City School District,
3631710DUS,Hewlett-Woodmere Union Free School District,
3631920DUS,Yonkers Public Schools,
3631980DUS,Yorktown Central School District,
3680580DUS,Onondaga - Cortland - Madison BOCES,
3700030DUS,Alamance-Burlington School System,1
3700180DUS,Anson County Schools,
3700450DUS,Buncombe County Schools,
3700530DUS,Cabarrus County Schools,
3700720DUS,Chapel Hill-carrboro Schools,
3702310DUS,Iredell-Statesville Schools,
3702970DUS,Charlotte-Mecklenburg Schools,
3703120DUS,Mooresville Graded School District,1
3704080DUS,Rutherford County Schools,1
3704620DUS,Union County Public Schools,1
3704950DUS,Wilkes County Schools,1
3800032DUS,Beulah 27,
3904350DUS,Ashland City,
3904353DUS,Barberton City,
3904360DUS,Berea City School District,
3904362DUS,Bexley City,1
3904364DUS,Brecksville-Broadview Heights City,1
3904365DUS,Brooklyn City,
3904366DUS,Brunswick City,
3904375DUS,Cincinnati Public Schools,
3904378DUS,Cleveland Metropolitan School District,1
3904379DUS,Cleveland Heights-University Heights City,
3904380DUS,Columbus City Schools,
3904383DUS,Cuyahoga Falls City,
3904385DUS,Deer Park Community City,
3904390DUS,East Cleveland City,
3904394DUS,Elyria City,
3904400DUS,Franklin City,
3904402DUS,Galion City,
3904404DUS,Garfield Heights City,
3904407DUS,Grandview Heights City,
3904408DUS,Winton Woods City,
3904410DUS,Hamilton City School District,
3904413DUS,Huron City,1
3904416DUS,Kent City,
3904418DUS,Kettering City,
3904421DUS,Lebanon City,
3904426DUS,Lorain City,
3904427DUS,Loveland City,
3904429DUS,Mansfield City,
3904430DUS,Maple Heights City,
3904431DUS,Mariemont City,
3904433DUS,Marion City,
3904437DUS,Mayfield City,
3904440DUS,Middletown City School District,
3904447DUS,New Lexington City,
3904453DUS,North Ridgeville City,
3904457DUS,Norwood City,
3904458DUS,Oakwood City,
3904459DUS,Oberlin City,
3904463DUS,Parma City,
3904464DUS,Piqua City,
3904467DUS,Princeton City Schools,
3904470DUS,Rocky River City,
3904475DUS,Shaker Heights City,
3904479DUS,South Euclid-lyndhurst City,
3904480DUS,South-Western City School District,
3904481DUS,Springfield City School District,
3904483DUS,Stow-munroe Falls City,
3904484DUS,Strongsville City,
3904486DUS,Sycamore Community City,1
3904488DUS,Tallmadge City,
3904489DUS,Tiffin City,
3904490DUS,Toledo Public Schools,1
3904493DUS,Upper Arlington City,
3904495DUS,Vandalia-Butler City,
3904499DUS,Warren City,
3904500DUS,Warrensville Heights City,
3904504DUS,Westerville City School District,
3904506DUS,Westlake City,
3904507DUS,Whitehall City,1
3904508DUS,Wickliffe City,
3904510DUS,Willoughby-Eastlake City Schools,
3904514DUS,Wyoming City,
3904516DUS,Youngstown City,
3904519DUS,Amherst Exempted Village,
3904521DUS,Bluffton Exempted Village,
3904535DUS,Crooksville Exempted Village,
3904536DUS,Fairport Harbor Exempted Village,
3904549DUS,Mentor Public Schools,1
3904550DUS,Milford Exempted Village,
3904551DUS,Milton-Union Exempted Village,
3904558DUS,Perrysburg Exempted Village,
3904560DUS,Rossford Exempted Village,
3904561DUS,Tipp Exempted Village,
3904576DUS,Bath Local,
3904610DUS,Fairfield City School District,1
3904611DUS,Lakota Local Schools,
3904619DUS,Graham Local,
3904632DUS,Clermont Northeastern Local,
3904634DUS,Goshen Local,
3904635DUS,West Clermont Local,
3904657DUS,Olmsted Falls City,
3904675DUS,Buckeye Valley Local,1
3904676DUS,Olentangy Local School District,
3904689DUS,Pickerington Local School District,
3904694DUS,Canal Winchester Local,
3904695DUS,Hamilton Local,
3904696DUS,Gahanna-Jefferson Public Schools,
3904697DUS,Groveport Madison Local,
3904699DUS,New Albany-Plain Local Schools,
3904700DUS,Reynoldsburg City,1
3904701DUS,Hilliard City Schools,
3904702DUS,Dublin City Schools,
3904717DUS,Cardinal Local,
3904718DUS,Chardon Local,
3904719DUS,Kenston Local,1
3904722DUS,West Geauga Local,
3904736DUS,Northwest Local Schools - Cincinnati,
3904738DUS,Southwest Local,
3904739DUS,Three Rivers Local,
3904787DUS,Kirtland Local,
3904788DUS,Madison Local,
3904790DUS,Perry Local,
3904800DUS,Licking Heights Local,1
3904804DUS,Southwest Licking Local,
3904811DUS,Avon Local,
3904812DUS,Avon Lake City,
3904814DUS,Columbia Local,
3904815DUS,Firelands Local,
3904816DUS,Keystone Local School District,
3904817DUS,Midview Local,
3904836DUS,South Range Local,
3904846DUS,Black River Local,
3904848DUS,Cloverleaf Local,
3904849DUS,Highland Local,
3904862DUS,Miami East Local,
3904869DUS,Trotwood-Madison City,
3904879DUS,Cardington-Lincoln Local,
3904905DUS,Northern Local,
3904909DUS,Teays Valley Local,1
3904918DUS,Crestwood Local,
3904921DUS,Rootstown Local,
3904922DUS,Southeast Local,
3904923DUS,Streetsboro City,
3904943DUS,Lexington Local,
3904945DUS,Madison Local,
3904985DUS,Jackson Local,
3904998DUS,Copley-Fairlawn City,
3905001DUS,Green Local,
3905004DUS,Nordonia Hills City,
3905005DUS,Revere Local,
3905016DUS,Howland Local,1
3905028DUS,Indian Valley Local,
3905043DUS,Kings Local,1
3905044DUS,Little Miami Local,
3910009DUS,Shelby City,
3910014DUS,Riverside Local Schools,
3910015DUS,Painesville Local,
3910017DUS,Bedford City,
3910032DUS,Wooster City,
3910033DUS,Northwestern Local,
4003180DUS,Ardmore,
4003630DUS,Bartlesville,1
4005490DUS,Broken Arrow Public Schools,1
4006060DUS,Byng,1
4015720DUS,Jenks,1
4025200DUS,Pryor,
4030240DUS,Tulsa Public Schools,
4030600DUS,Union Public Schools,
4032370DUS,Western Heights,
4100016DUS,Yamhill-Carlton Sd 1,
4100023DUS,Hillsboro School District,1
4101120DUS,Greater Albany Public Sd 8j,
4101230DUS,Amity Sd 4j,
4102840DUS,Central Sd 13j,
4103260DUS,Clatskanie Sd 6j,
4103270DUS,Colton Sd 53,
4103660DUS,Coos Bay Sd 9,
4103720DUS,Crook County School District,1
4104350DUS,North Douglas Sd 22,
4104740DUS,Eugene School District 4J,
4106740DUS,Jefferson County Sd 509j,
4107230DUS,Lake Oswego Sd 7j,
4108100DUS,Santiam Canyon Sd 129j,
4108310DUS,Molalla River Sd 35,
4108550DUS,Mt Angel Sd 91,
4108830DUS,North Clackamas Schools,
4108880DUS,North Marion Sd 15,
4109330DUS,Oregon City Sd 62,
4109600DUS,Philomath Sd 17j,
4110040DUS,Portland Public Schools,
4110350DUS,Redmond Sd 2j,
4110520DUS,Reynolds Sd 7,1
4111040DUS,Scio Sd 95,
4111290DUS,Sherwood Sd 88j,1
4111670DUS,Springfield Public Schools,
4111940DUS,Sutherlin Sd 130,
4112240DUS,Tigard-tualatin Sd 23j,1
4113170DUS,West Linn - Wilsonville Public Schools,
4113530DUS,Woodburn Sd 103,1
4113650DUS,Yoncalla Sd 32,
4200013DUS,Community Academy Of Philadelphia (District),
4202040DUS,Abington School District,
4202400DUS,Wissahickon Sd,
4202590DUS,Armstrong Sd,
4202790DUS,Avon Grove Sd,
4202850DUS,Pine-Richland School District,
4203120DUS,Beaver Area Sd,
4203330DUS,Bensalem Township Sd,
4203420DUS,Berlin Brothersvalley Sd,
4203510DUS,Bethel Park School District,
4203570DUS,Bethlehem Area Sd,
4203660DUS,Big Spring Sd,
4203750DUS,Blairsville-saltsburg Sd,1
4203870DUS,Blue Mountain Sd,
4204140DUS,Brentwood Borough Sd,
4204230DUS,Bristol Township Sd,
4205010DUS,Carlisle Area Sd,
4205190DUS,Centennial School District,
4205310DUS,Central Bucks School District,
4205370DUS,Central Columbia Sd,
4205400DUS,Central Dauphin Sd,
4205700DUS,Chartiers Valley Sd,
4205760DUS,Cheltenham Township Sd,
4205860DUS,Chester Upland School District,
4205910DUS,Chichester Sd,
4207110DUS,Cumberland Valley School District,
4207230DUS,Dallastown Area Sd,1
4207290DUS,Daniel Boone Area Sd,
4207530DUS,Delaware Valley School District,
4207710DUS,Downingtown Area Sd,
4208460DUS,Eastern Lebanon County Sd,
4208820DUS,Eastern Lancaster County Sd,
4209300DUS,Erie City Sd,
4209480DUS,Exeter Township Sd,
4209570DUS,Fairview Sd,
4209780DUS,Fleetwood Area Sd,
4209940DUS,Forest Hills School District,
4210070DUS,Fox Chapel Area Sd,
4210380DUS,Freedom Area School District,
4210590DUS,Garnet Valley Sd,
4210650DUS,General Mclane Sd,
4210860DUS,Governor Mifflin Sd,
4210870DUS,Great Valley Sd,
4211400DUS,Hampton Township Sd,
4211450DUS,Hanover Public Sd,
4211670DUS,Haverford Township Sd,
4211730DUS,Saucon Valley Sd,
4211790DUS,Hempfield  Sd,
4212170DUS,Interboro Sd,
4212690DUS,Kennett Consolidated Sd,
4213050DUS,Lakeland Sd,
4213440DUS,Lebanon Sd,
4214100DUS,Lower Dauphin School District,
4214160DUS,Lower Merion School District,
4214190DUS,Lower Moreland Township Sd,
4214250DUS,Methacton Sd,
4214760DUS,Marple Newtown Sd,
4214790DUS,Mars Area Sd,
4215210DUS,Midd-west Sd,
4215240DUS,Middletown Area School District,
4215330DUS,Millcreek Township Sd,
4215720DUS,Montour Sd,
4215830DUS,Moon Area Sd,
4215900DUS,Morrisville Borough Sd,
4216050DUS,Mountain View Sd,
4216110DUS,Mt Lebanon Sd,
4216410DUS,Neshaminy Sd,
4216500DUS,Woodland Hills School District,
4216860DUS,New Hope-solebury Sd,
4216890DUS,Newport School Distric,
4216980DUS,Norristown Area Sd,
4217010DUS,North Allegheny Sd,
4217280DUS,North Penn Sd,1
4217850DUS,Northwestern Lehigh Sd,
4218030DUS,Octorara Area Sd,
4218150DUS,Oley Valley Sd,
4218270DUS,Owen J Roberts Sd,
4218330DUS,Palisades Sd,
4218390DUS,Palmyra Area Sd,
4218580DUS,Penn-delco Sd,
4218750DUS,Pennridge Sd,
4218840DUS,Pennsbury Sd,
4218960DUS,Peters Township Sd,
4218990DUS,The School District of Philadelphia,
4219050DUS,Phoenixville Area Sd,
4219140DUS,Pine Grove Area Sd,
4219170DUS,Pittsburgh Public Schools,
4219350DUS,Plum Borough Sd,
4219470DUS,Colonial Sd,
4219650DUS,Pottsgrove School District,
4219680DUS,Pottstown Sd,
4219860DUS,Quaker Valley Sd,
4219890DUS,Quakertown Community Sd,
4219920DUS,Radnor Township Sd,
4220040DUS,Reading Sd,
4220100DUS,Red Lion Area Sd,
4220550DUS,Rose Tree Media Sd,
4220580DUS,South Fayette Township Sd,
4220640DUS,Saint Marys Area Sd,
4220910DUS,Schuylkill Haven Area Sd,
4222060DUS,South Park Sd,
4222380DUS,Southern York County Sd,
4222400DUS,Southeast Delco Sd,
4222440DUS,Seneca Valley Sd,
4222590DUS,Spring Grove Area Sd,
4222600DUS,Springfield Sd,
4222620DUS,Springfield Township Sd,
4222790DUS,Steel Valley Sd,
4223010DUS,Susquehanna Township Sd,
4223040DUS,Susquenita Sd,
4223760DUS,Trinity Area Sd,1
4224210DUS,Unionville-chadds Ford Sd,
4224320DUS,Upper Darby Sd,
4224390DUS,Upper Dublin Sd,
4224480DUS,Upper Merion Area Sd,
4224510DUS,Upper Moreland Township Sd,
4224540DUS,Upper Perkiomen Sd,
4224790DUS,Wallingford-swarthmore Sd,
4224820DUS,Warren County Sd,
4224960DUS,Warwick Sd,
4225080DUS,Wattsburg Area Sd,
4225170DUS,Wellsboro Area Sd,
4225200DUS,West Allegheny Sd,
4225290DUS,West Chester Area School District,
4225590DUS,West Jefferson Hills Sd,1
4225830DUS,West Shore Sd,
4226390DUS,William Penn Sd,
4226850DUS,York Suburban Sd,
4289380DUS,Arin Intermediate Unit 28,
4400065DUS,Bristol Warren,
4400210DUS,Coventry,
4400240DUS,Cranston,
4400270DUS,Cumberland,
4400300DUS,East Greenwich,
4400360DUS,Exeter-West Greenwich,1
4400420DUS,Foster-Glocester,
4400540DUS,Johnston,
4400570DUS,Lincoln,
4400810DUS,North Smithfield,
4400870DUS,Portsmouth,
4400990DUS,Smithfield,
4401020DUS,South Kingstown,1
4401050DUS,Tiverton,
4500002DUS,Dorchester County School District 04,
4500810DUS,Anderson County School District 02,1
4500840DUS,Anderson County School District 03,
4500900DUS,Anderson County School District 05,1
4501020DUS,Barnwell County School District 19,
4501110DUS,Beaufort County School District,1
4501440DUS,Charleston County School District,
4502310DUS,Greenville County School District,
4502430DUS,Hampton 1 County School District,
4502520DUS,Jasper County School District,
4502610DUS,Laurens County School District 55,
4502700DUS,Lexington County School District 01,
4503360DUS,Richland County School District 01,
4503390DUS,Richland County School District 02,
4503840DUS,Clover School District,
4503900DUS,Fort Mill School District,
4700060DUS,Alcoa City School District,1
4700900DUS,Cumberland County School District,1
4701590DUS,Hamilton County School District,
4702190DUS,Kingsport City School District,1
4702400DUS,Lenoir City School District,1
4702700DUS,Maryville City School District,1
4703030DUS,Clarksville-Montgomery County Schools,1
4703240DUS,Oak Ridge Schools,
4800022DUS,Raul Yzaguirre School For Success,1
4807780DUS,Aledo ISD,
4807830DUS,Alief ISD,1
4807890DUS,Allen ISD,1
4808090DUS,Alvin Isd,1
4808100DUS,Alvord Isd,
4808310DUS,Angleton Isd,1
4808670DUS,Argyle ISD,
4808910DUS,Aubrey ISD,
4808940DUS,Austin ISD,
4809360DUS,Bandera Isd,
4809630DUS,Bay City Isd,
4810800DUS,Bonham Isd,
4812220DUS,Burnet CISD,
4812780DUS,Canutillo Isd,1
4812810DUS,Canyon ISD,1
4813020DUS,Carroll ISD,
4813170DUS,Castleberry ISD,1
4813230DUS,Cedar Hill ISD,1
4814280DUS,Clear Creek ISD,1
4814310DUS,Cleburne ISD,1
4814730DUS,Comal Isd,1
4814850DUS,Community Isd,1
4814970DUS,Connally Isd,
4815000DUS,Conroe ISD,
4815210DUS,Coppell ISD,
4815910DUS,Crowley ISD,1
4815930DUS,Crystal City ISD,1
4816410DUS,Dayton Isd,1
4816500DUS,Decatur Isd,
4816530DUS,Deer Park ISD,1
4816620DUS,Del Valle ISD,1
4816740DUS,Denton ISD,1
4816860DUS,Desoto ISD,
4817070DUS,Dickinson ISD,
4817390DUS,Donna Isd,
4817880DUS,East Chambers ISD,
4818280DUS,El Campo Isd,1
4818360DUS,Elgin ISD,1
4818540DUS,Ennis Isd,
4818600DUS,Era Isd,
4818810DUS,Everman Isd,
4819080DUS,Farmersville ISD,1
4819620DUS,Forsan Isd,
4819650DUS,Fort Bend ISD,
4819950DUS,Friendswood ISD,1
4820220DUS,Gainesville Isd,
4820340DUS,Garland ISD,
4820500DUS,Gatesville ISD,1
4820600DUS,Georgetown ISD,
4821060DUS,Gonzales Isd,1
4821150DUS,Goose Creek CISD,
4821420DUS,Grand Prairie ISD,
4822530DUS,Harlingen CISD,1
4823640DUS,Houston ISD,1
4823790DUS,Hudson ISD,1
4823910DUS,Humble Isd,1
4824100DUS,Hutto ISD,1
4824210DUS,Ingram Isd,1
4824600DUS,Jarrell ISD,1
4824630DUS,Jasper Isd,1
4825170DUS,Katy ISD,
4825500DUS,Kennedale Isd,
4825590DUS,Kerrville Isd,
4825740DUS,Klein Isd,
4826130DUS,La Joya Isd,
4826160DUS,La Marque Isd,1
4826190DUS,La Porte Isd,1
4826280DUS,La Vega Isd,
4826370DUS,Lackland Isd,
4826490DUS,Lake Worth ISD,1
4826580DUS,Lamar CISD,
4826670DUS,Lancaster ISD,
4827030DUS,Leander ISD,1
4827210DUS,Leonard ISD,1
4827330DUS,Lexington Isd,1
4827720DUS,Little Elm ISD,
4827990DUS,London Isd,
4828550DUS,Lufkin Isd,1
4828650DUS,Lytle Isd,
4828680DUS,Mabank ISD,
4828740DUS,Magnolia ISD,1
4828890DUS,Manor ISD,1
4829580DUS,Maypearl ISD,
4829850DUS,McKinney ISD,1
4830060DUS,Medina Valley Isd,1
4830120DUS,Melissa ISD,1
4830600DUS,Midlothian Isd,
4831170DUS,Monahans-wickett-pyote Isd,1
4831760DUS,Mount Pleasant ISD,1
4832310DUS,Needville ISD,1
4832640DUS,New Waverly Isd,
4833180DUS,Northwest ISD,
4833360DUS,Odem-Edroy ISD,1
4834440DUS,Pearland ISD,1
4834920DUS,Pilot Point Isd,1
4835100DUS,Plano ISD,1
4835310DUS,Ponder ISD,1
4835760DUS,Premont Isd,
4836450DUS,Randolph Field ISD,1
4836660DUS,Red Oak Isd,
4837020DUS,Richardson ISD,
4838220DUS,Royse City ISD,1
4838400DUS,S & S CISD,1
4838580DUS,Salado Isd,1
4838730DUS,San Antonio ISD,1
4838790DUS,San Benito CISD,1
4839630DUS,Sealy ISD,1
4839990DUS,Sheldon ISD,
4840080DUS,Sherman ISD,1
4840650DUS,Snyder Isd,
4840680DUS,South San Antonio Isd,
4840950DUS,Southwest ISD,
4841100DUS,Spring Branch ISD,
4841220DUS,Spring ISD,1
4841350DUS,Stafford MSD,1
4841520DUS,Stephenville,
4841880DUS,Sunnyvale ISD,
4842060DUS,Taft Isd,
4842480DUS,Texarkana ISD,1
4842510DUS,Texas City ISD,
4842930DUS,Tom Bean ISD,
4842960DUS,Tomball ISD,1
4843140DUS,Trenton Isd,
4843890DUS,Van Alstyne ISD,1
4843950DUS,Van Vleck ISD,1
4844730DUS,Waxahachie ISD,1
4845040DUS,West Isd,
4845380DUS,Wharton Isd,
4846350DUS,Wolfe City ISD,
4846440DUS,Woodville Isd,
4846530DUS,Wylie Isd,
4900270DUS,Emery District,
4900390DUS,Iron District,1
4900660DUS,North Sanpete District,
4900750DUS,Park City School District,1
5000002DUS,Spaulding Uhsd 41,
5002820DUS,Burlington School District,
5004590DUS,Hartford School District,
5004860DUS,Irasburg School District,
5005060DUS,Lamoille Union High School District #18,
5005610DUS,Milton Town School District,
5005700DUS,Montpelier School District,
5005840DUS,Mount Mansfield Usd 17,
5007050DUS,Rutland City School District,
5007470DUS,South Burlington School Dist,
5007530DUS,Springfield School District,
5008237DUS,Uhsd 32,
5099904DUS,Addison Rutland Supervisory Union,
5100090DUS,Albemarle County Public Schools,1
5100120DUS,Alexandria City Public Schools,
5100270DUS,Arlington Public Schools,
5100930DUS,Colonial Beach Public Schools,
5101050DUS,Culpeper County Public Schools,
5101260DUS,Fairfax County Public Schools,1
5101290DUS,Falls Church City Public Schools,
5101320DUS,Fauquier County Public Schools,
5101380DUS,Fluvanna County Public Schools,1
5101620DUS,Gloucester County Public Schools,1
5101800DUS,Hampton City Schools,1
5101860DUS,Harrisonburg City Public Schools,1
5101980DUS,Hopewell City Public Schools,1
5102100DUS,King George County Public Schools,
5102250DUS,Loudoun County Public Schools,
5102360DUS,Manassas City Public Schools,1
5102370DUS,Madison County Public Schools,
5102390DUS,Manassas Park City Public Schools,
5102640DUS,Newport News Public Schools,
5103000DUS,Portsmouth Public Schools,
5103130DUS,Prince William County Public Schools,
5103210DUS,Rappahannock County Public Schools,1
5103240DUS,Richmond Public Schools,
5103270DUS,Richmond County Public Schools,
5103390DUS,Rockingham County Public Schools,1
5103460DUS,Salem City Public Schools,1
5103640DUS,Spotsylvania County Public Schools,1
5103660DUS,Stafford County Public Schools,
5103690DUS,Staunton City Public Schools,1
5300030DUS,Aberdeen School Dist 5,1
5300240DUS,Arlington School Dist 16,1
5300330DUS,Bainbridge Island Sch Dist 303,
5300390DUS,Bellevue School District 405,1
5300990DUS,Castle Rock School Dist 401,
5301140DUS,Centralia School Dist 401,1
5301170DUS,Chehalis School District,
5302400DUS,Edmonds School District,1
5302670DUS,Everett Public Schools,1
5303540DUS,Highline Public Schools ,1
5303960DUS,Kent School District,1
5304860DUS,Marysville School District 25,1
5304980DUS,Mercer Island Sch Dist 400,1
5305250DUS,Mossyrock Sch Dist 206,
5305910DUS,Northshore School District,1
5307080DUS,Quincy School District #144,
5307710DUS,Seattle School Dist 1,1
5307770DUS,Selah School Dist 119,1
5307920DUS,Shoreline School District #412,
5308040DUS,Snoqualmie School Dist 410,
5308250DUS,Spokane Public Schools,1
5308670DUS,Sunnyside Sch Dist 201,
5309100DUS,Tumwater Sch Dist 33,
5501770DUS,Elmbrook,1
5502460DUS,Cedarburg School District,
5505610DUS,Grafton,
5508820DUS,Marshfield School District,1
5509130DUS,Mequon-Thiensville School District,
5516620DUS,Whitefish Bay School District,1
5600730DUS,Albany County School District #1,1
5602140DUS,Converse County School District #1,
5602760DUS,Uinta County School District #1,
5602820DUS,Fremont County School District #21,
5603770DUS,Johnson County School District #1,
5604450DUS,Fremont County School District #14,
5604510DUS,Natrona County School District #1,1
5604860DUS,Sublette County School District #1,
5605690DUS,Sheridan County School District #1,
5605830DUS,Teton County School District #1,
5606090DUS,Weston County School District #7,
7800032DUS,Albany Academy (Boys and Girls),
7800033DUS,Naviance Unified School District,1
7800034DUS,Regis Jesuit,
7800036DHK,English Schools Foundation,
7800041DUS,FCPS Test Environment,1
7800042DUS,FCPS Development Environment,1
7800043DUS,FCPS Trainer District,1
7800050DUS,Cristo Rey Network,
7800052DUS,Central New York Regional Information Center,
7800053DUS,High Tech High ,
7800056DUS,KIPP: Houston,1
7800058DUS,Minneapolis Public Schools- Non-Public Guidance,
7800062DUS,YES Prep Public Schools,
7800066DUS,Aspire Public Schools,
7800068DUS,Kamehameha Schools,
7800070DUS,K12 Inc.,
7800072DUS,"Partnerships to Uplift Communities-Valley,LA & LVT",
7800079DCN,Shanghai Community International Schools,
7800224DUS,Desert Rose Academies,
7800333DUS,BASIS.ed                           ,
7800398DUS,Cedar Ridge School District,1
7800399DUS,Hillcrest School District,
7800406DUS,Haas Hall Academy,1
7800412DUS,Valley Center-pauma Unified,
7800538DUS,Friendship Public Charter School-DCP,
7800774DUS,Indianapolis Classical Schools,1
7801216DUS,Camden Academy Charter High-District,
7801222DUS,Leap Academy Charter School-District,
7801236DUS,Cattaraugus-little Valley Central School District,
7801315DUS,Harlem Children's Zone,
7801582DUS,Arts & College Preparatory Academy(District),
7801997DUS,Math Sci & Tech Community Cs (Dist),
7802001DUS,Universal Companies,
7802022DUS,Nueva Esperanza Academy Cs,
7802030DUS,Mastery Charter Schools,
7802072DUS,Achievement House Cs - District,
7802281DUS,School Of Science And Technology,
7802287DUS,KIPP Austin Public Schools,
7802291DUS,Brooks Academy,1
7802481DUS,Great Hearts Academies,
7802482DUS,Noble Street Charter Schools,
7802487DUS,Uplift Education,
7802496DUS,University Demo District,
7802505DUS,Alliance College-Ready Public Schools,1
7802508DUS,Minnesota Office of Higher Education,
7802510DUS,Leadership Public Schools,
7802511DUS,Washington County Public Schools,1
7802512DUS,Shanghai Dipont Education Management Ltd.,
7802518DUS,Naviance Succeed District,
7802519DUS,SDUSD TEST District ,
7802520DUS,Gear Up Memphis,
7802524DUS,Achievement First,
7802525DUS,Kaplan Virtual Education,
7802526DUS,College Possible,
7802527DUS,IDEA Public Schools,
7802531DUS,TX Test District,1
7802532DUS,Naviance Test District - for dev,1
7802533DUS,Naviance QA District,1
7802539DUS,Magnolia Schools,
7802554DUS,Houston Test District,
7802555DUS,Ramp-Up to Readiness District,
7802556DUS,Naviance Support Services District,1
7802557DUS,Indiana Commission for Higher Education,
7802558DID,Sekolah Pelita Harapan (District),
7802562DUS,Chicago International Charter School,
7802570DUS,BOCES of New York State,1
7802571DUS,District #79,
7802573DUS,Capital Region BOCES- Test Account,1
7802574DUS,Harmony Public Schools,1
7802575DUS,Bard District,
7802581DUS,Envision Schools,
7802586DUS,EASTCONN,
7802591DUS,"Kappa Alpha Psi Fraternity, Inc",
7802592DUS,Naviance Sales District,1
7802595DUS,50k - FAKE ACCOUNT,
7802597DUS,Roman Catholic Diocese of Albany,
7802601DUS,Urban Prep Academies ,
7802604DUS,Namita's Test Account (District),
7802605DUS,DCP Test District,1
7802611DUS,navstoretrdprd,
7802612DUS,Naviance Independent School District,1
7802622DUS,Naviance QA District,1
7802623DUS,testautodist,
7802626DUS,Ray Test PRDTPKG District,
7802629DUS,Da Vinci Schools,
7802630DUS,Cleveland MSD Test District,1
7802631DUS,Texas A & M International Univeristy,
7802633DUS,navstoreliked,
7802640DUS,Raymund TEST District,1
7802642DUS,NSC Test District,1
7802646DHK,The Edge Learning Centres,
7802648DUS,Summit Public Schools,
7802649DUS,Rolling Hills Prep School,
7802651DUS,PM Test District,
7802652DUS,Concept Schools,
7802654DUS,Prod - Ray Test District A,1
7802655DUS,Prod - Ray Test District B,
7802656DUS,Prod - Ray Test District C,1
7802657DUS,Prod - Ray Test District D,1
7802659DUS,Prod - Ray Test District E,
7802660DUS,College Summit,
7802665DUS,New York City Department of Education,
7802673DUS,Charter Schools USA ,1
7802679DUS,intelliVOL District,
7802680DUS,Elite Educational Institute,
7802681DUS,Academy Of The New Church,
7802683DUS,Parkway School District - Test District,
7802685DUS,Diocese of Bridgeport,
7802687DUS,Colorado Early Colleges,
7802689DUS,College Track,
7802691DUS,Naviance Consulting District,1
7802692DUS,Newedocs test district,
7802695DUS,Sonoran Schools,1
7802700DUS,Prod - Test State District 1,
7802701DUS,Prod - Test District County A,1
7802702DUS,Prod - Test District County B,1
7802703DUS,Prod - Ray Test District 4,1
7802709DUS,STRIVE Preparatory Schools,
7802710DUS,Spring Branch ISD-Test District,
7802712DCN,Dulwich College Management Asia Pacific Pte. Ltd,
7802719DUS,Perspectives Charter Schools,
7802720DUS,Bergen County Academies,
7802721DUS,K12 Mafia Test District,1
7802727DUS,Bright Star Schools,1
7802736DUS,K12 Inc. - Test District,
7802737DUS,University Prep Schools,
7802738DUS,Saint Paul Public Schools - Test District,
7802742DUS,Butler University Teaching District,
7802743DUS,Frontier Schools,1
7802746DUS,New Settlement's College Access Center-HQ,
7802748DUS,The Eagle Academy Foundation,
7802749DUS,Academy for Urban School Leadership,
7802750DUS,Prep Villa,
7802755DUS,Nav Test District 01,1
7802761DUS,Nav Test QA - Production,
7802764DUS,"Michigan Future, Inc.-District",
7802765DUS,New Visions Charter High Schools,
7802769DAE,Educational Services Overseas Limited,
7802771DUS,Armenian Educational Foundation,
7802772DUS,District Course Planner (DCP) Test District- Bissm,1
7802792DUS,The Urban Assembly,
7802796DUS,Acceleration Academies,
7802820DUS,Uncommon Schools,
7802821DUS,Acero Schools,
7802826DES,SEK International Schools,
7802925DUS,The Foundation for Hispanic Education,1
7802953DUS,KIPP Bay Area Schools,
7802955DUS,Carmen Schools of Science and Technology,
7802986DUS,ASU Preparatory Academy,
7802988DUS,RSU 02,
7802989DUS,Excel Chicago(Not a District) Delete,
7802991DUS,Dove Science Academy (Charter School Network),
7802993DTW,Morrison Academy,
7802994DUS,Career ConnectED Center,
7803000DUS,QA District :: Production,1
7803003DUS,UXDistrict,1
7803006DTR,MEF Schools of Turkey,
7803009DUS,Fairmont Private Schools,
7803010DUS,St. Joseph Catholic Schools,
7803014DUS,Harford County Public Schools - Test District,
7803023DUS,DSST Public Schools,
7803025DUS,San Diego Unified School District - Test District,
7803030DIN,Indus International Schools,
7803031DUS,Baker Charter Schools,
7803032DUS,The Bear Creek Schools,
7803033DUS,Gear Up - Lafayette Parish,
7803034DUS,The School District of Philadelphia-Test Account,
7803035DCN,Gateway Consulting,
7803037DUS,Institute for Student Achievement,
7803040DUS,The O'Farrell Charter Schools,
7803042DUS,University Schools,1
7803046DUS,Naviance Global,1
7803047DUS,TEACH Public Schools,
7803051DUS,Education Achievement Authority,
7803054DUS,Carpe Diem Learning Systems,
7803055DUS,Collegiate Academies,
7803059DCN,CSIES,
7803065DUS,KnowledgeLink Group,
7803071DUS,Altus Schools,
7803074DUS,Chavez Schools,
7803080DRU,Anglo-American District,
7803081DUS,PSD Test Environment,
7803082DUS,New America Schools Network,
7803085DUS,Futures Academy,
7803092DAE,Taaleem,
7803095DUS,Legacy Preparatory Charter Academy,1
7803097DUS,PPS Test Environment,
7803098DUS,University of Chicago Urban Education Institute,
7803099DUS,ResponsiveEd,1
7803200DUS,Naviance Succeed Demo District,
7803205DUS,AchieveWorks Test District,
7803206DUS,Aspira Inc. of PA (Olney Charter High School),
7803210DUS,Sherlock Elementary District,
7803211DUS,Watson Elementary District,1
7803221DUS,CO Division of Youth Corrections,
7803225DUS,Collierville School District,
7803235DUS,Performance Test District,1
7803236DUS,"The Independent School, Inc.",
7803237DUS,Philadelphia Performing Arts Charter School,
7803248DUS,Naviance Teaching School District,
7803249DUS,NC Association of Independent Schools,
7803256DUS,Propel Schools,
7803259DUS,United Students Advising Services,
7803260DUS,Somerset District,
7803261DUS,Kipp Colorado,
7803262DUS,Test Prep District,
7803265DUS,Ednovate,
7803266DUS,Laura Test District,1
7803267DUS,The SEED Foundation,
7803268DUS,Brother Rice High School (District),
7803269DUS,Orange County Public Schools - Test District,1
7803270DUS,West Side High School,
7803272DIN,Centre Point Schools,
7803273DUS,Inspire Charter School,
7803274DUS,Constellation Schools,
7803275DUS,Gulliver Schools,
7803278DUS,Prestonwood Christian,
7803279DUS,Sesame Street 123 District,
7803283DIN,Shiv Nadar School - Head Office,
7803288DUS,Montgomery County Public Schools - Test District,1
7803289DUS,Jacksonville North Pulaski School District,1
7803296DQA,Almuftah Group,
7803297DUS,Value Schools,
7803303DUS,Phillips Academy Andover-District,
7803305DUS,SAU 7,
7803306DLK,Gateway College,
7803307DUS,New Designs Educational Group-New Designs Charter ,
7803309DUS,Monte Del Sol Charter School,
7803310DCH,International School Basel,
7803311DUS,Aspira Bilingual Cyber Charter School,
7803318DUS,Maryland Business Roundtable for Education - Test ,
7803321DUS,Harlem Village Academies,
7803322DUS,St. Vincent St. Mary High School(District),
7803326DUS,Core District1,
7803327DUS,District Pink1,
7803328DUS,District Green1,
7803329DUS,District blue1,
7803332DUS,District White1,
7803333DUS,District Black1,1
7803336DUS,FAKE DISTRICT - Clever Testing,
7803339DUS,Governor's School For The Arts And Humanities,
7803341DUS,ResponsiveEd Arkansas,1
7803344DUS,Academy for Technology and the Classics (DISTRICT),
7803348DUS,Paulo Freire Social Justice Charter School Distric,
7803350DUS,Making Waves (District),
7803351DUS,Griffin Technology Academies,
7803352DUS,Hampden Charter School of Science,
7803353DUS,St. James Academy (District),
7803354DUS,Newark Collegiate Academy (District),
7803356DUS,Brooklyn Ascend High School (District),
7803361DUS,Belmont Charter Network,
7803362DUS,Adam Product District,1
7803363DUS,Lutheran High School Association,
7803364DUS,The Windsor Schools,
7803365DUS,Stargate Charter School (District),
7803369DUS,Village Tech Schools ( District ),1
7803371DUS,NS Training Zone,1
7803373DUS,Fake_PROD_District,1
7803374DUS,American Paradigm Schools,
7803375DUS,Fake_nss2_1,1
7803376DUS,Richa QA District 2,
7803377DUS,Philadelphia Youth Network (District),
7803378DUS,Middlebury Union High School ( District),
7803379DUS,Fake_NavQA_Dist,1
7803380DUS,Summit Christian Academy (District),
7803381DUS,Hobsons Public School District,1
7803382DUS,Fake_Automation_District,1
7803383DUS,eStem Public Charter Schools,1
7803384DUS,Hawaii Preparatory Academy (District),
7803387DUS,"Connecting Waters Charter Schools, Inc",
7803403DUS,Course Planner Test District,1
7803404DUS,Bishop Kearney High School (District),
7803410DUS,de Toledo High School-District,
7803414DUS,Lighthouse Academies of Arkansas,1
7803415DUS,Global Educational Excellence,
7803418DUS,Maranatha Christian Academy (District),
7803421DUS,Asheville Christian Academy(District),
7803422DUS,Richa new test District,
7803423DUS,JCS Family,
7803425DUS,Education Plus Health,
7803426DUS,Memphis Rise Academy-District,
7803427DUS,United Nations International School-District,
7803429DUS,Northlake Christian School - District,
7803430DUS,Capital Preparatory Schools,
7803431DUS,Notre Dame Academy High School - District,
7803432DUS,Mount de Sales Academy- District,
7803433DUS,Mill Springs Academy-District,
7803434DUS,Murray Hill Academy - District,
7803435DUS,The Accelerated Schools,
7803436DUS,Arkansas Division of Youth Services-Consolidated H,1
7803437DUS,Fake_SAMLQA_Dist,1
7803438DUS,Holland Christian - District,1
7803439DUS,Cincinnati Christian Schools-District,
7803440DUS,Dream Charter School-District,
7803441DUS,Austin Preparatory School - District,
7803442DUS,INNOCADEMY - District,1
7803443DUS,Icademy Global - District,1
7803444DUS,Unity Christian High School - District,1
7803445DUS,Central Catholic Jr Sr High School-District,
7803448DUS,Hudsonville Christian School - District,1
7803451DUS,QA_SAML_Dis_1,1
7803452DUS,High Point Academy - District,
7803453DUS,American University Preparatory School-District,
7803455DUS,The Oakridge School - District,
7803456DUS,Brooklyn Lab Charter School- District,
7803457DUS,WISH Academy High School - District,
7803458DUS,Thomas Edison Energy Smart Charter School-District,
7803459DUS,Marion P. Thomas Charter School - District,
7803460DUS,Exalt Acad Of Sw Little Rock - District,1
7803461DUS,Christian Life School - District,
7803462DUS,Myk District,1
7803463DUS,Executive Education Academy Charter School (Distri,
7803464DUS,KIPP St. Louis - District,
7803465DUS,NOS-District,1
7803466DUS,MaST II- District,
7803467DUS,Village School,
